Workbook
Name PlotScores: OFFSET(Overview!$D$12,0,0,MAX(1,MAX(Overview!$B$12:$B$41)),1)
Name PlotSegments: OFFSET(Overview!$B$12,0,0,MAX(1,MAX(Overview!$B$12:$B$41)),1)

Sheet Overview
B2: Level Design Mapping Tool level planning
B4: Plan challenge and recovery across one level. Scores express design intent.
B6: Game | C6: JUNTOS | E6: Version | F6: MVP Plan 1 | H6: Entries needing attention | L6: =ROWS('Level Map'!$J$9:$J$308)-COUNTBLANK('Level Map'!$J$9:$J$308)-COUNTIF('Level Map'!$J$9:$J$308,"Ready") -> 0
B7: Level | C7: Torre cooperativa | E7: Stage | F7: Planning | H7: Named segments without entries | L7: =COUNTIF(Segments!$L$9:$L$38,"Add map entries") -> 0
B8: Team | C8: Equipe JUNTOS (sem ID) | E8: Date | F8: 46326
B11: Segment | C11: Name | D11: Planned score | E11: Change | F11: Entry status
B12: =IF(Segments!C9="","",Segments!B9) -> 1 | C12: =IF(Segments!C9="","",Segments!C9) -> Chamado | D12: =IF(Segments!C9="","",Segments!J9) -> 0 | E12: ="" | F12: =IF(Segments!C9="","",Segments!L9) -> Ready
B13: =IF(Segments!C10="","",Segments!B10) -> 2 | C13: =IF(Segments!C10="","",Segments!C10) -> Oficina | D13: =IF(Segments!C10="","",Segments!J10) -> -1 | E13: =IF(AND(ISNUMBER(D13),ISNUMBER(D12)),D13-D12,"") -> -1 | F13: =IF(Segments!C10="","",Segments!L10) -> Ready
B14: =IF(Segments!C11="","",Segments!B11) -> 3 | C14: =IF(Segments!C11="","",Segments!C11) -> Patrulha | D14: =IF(Segments!C11="","",Segments!J11) -> 1 | E14: =IF(AND(ISNUMBER(D14),ISNUMBER(D13)),D14-D13,"") -> 2 | F14: =IF(Segments!C11="","",Segments!L11) -> Ready
B15: =IF(Segments!C12="","",Segments!B12) -> 4 | C15: =IF(Segments!C12="","",Segments!C12) -> Reconstrucao | D15: =IF(Segments!C12="","",Segments!J12) -> -1 | E15: =IF(AND(ISNUMBER(D15),ISNUMBER(D14)),D15-D14,"") -> -2 | F15: =IF(Segments!C12="","",Segments!L12) -> Ready
B16: =IF(Segments!C13="","",Segments!B13) -> 5 | C16: =IF(Segments!C13="","",Segments!C13) -> Topo | D16: =IF(Segments!C13="","",Segments!J13) -> -1 | E16: =IF(AND(ISNUMBER(D16),ISNUMBER(D15)),D16-D15,"") -> 0 | F16: =IF(Segments!C13="","",Segments!L13) -> Ready
B17: =IF(Segments!C14="","",Segments!B14) -> 6 | C17: =IF(Segments!C14="","",Segments!C14) -> Mundo real | D17: =IF(Segments!C14="","",Segments!J14) -> 0 | E17: =IF(AND(ISNUMBER(D17),ISNUMBER(D16)),D17-D16,"") -> 1 | F17: =IF(Segments!C14="","",Segments!L14) -> Ready
B18: =IF(Segments!C15="","",Segments!B15) | C18: =IF(Segments!C15="","",Segments!C15) | D18: =IF(Segments!C15="","",Segments!J15) | E18: =IF(AND(ISNUMBER(D18),ISNUMBER(D17)),D18-D17,"") | F18: =IF(Segments!C15="","",Segments!L15)
B19: =IF(Segments!C16="","",Segments!B16) | C19: =IF(Segments!C16="","",Segments!C16) | D19: =IF(Segments!C16="","",Segments!J16) | E19: =IF(AND(ISNUMBER(D19),ISNUMBER(D18)),D19-D18,"") | F19: =IF(Segments!C16="","",Segments!L16)
B20: =IF(Segments!C17="","",Segments!B17) | C20: =IF(Segments!C17="","",Segments!C17) | D20: =IF(Segments!C17="","",Segments!J17) | E20: =IF(AND(ISNUMBER(D20),ISNUMBER(D19)),D20-D19,"") | F20: =IF(Segments!C17="","",Segments!L17)
B21: =IF(Segments!C18="","",Segments!B18) | C21: =IF(Segments!C18="","",Segments!C18) | D21: =IF(Segments!C18="","",Segments!J18) | E21: =IF(AND(ISNUMBER(D21),ISNUMBER(D20)),D21-D20,"") | F21: =IF(Segments!C18="","",Segments!L18)
B22: =IF(Segments!C19="","",Segments!B19) | C22: =IF(Segments!C19="","",Segments!C19) | D22: =IF(Segments!C19="","",Segments!J19) | E22: =IF(AND(ISNUMBER(D22),ISNUMBER(D21)),D22-D21,"") | F22: =IF(Segments!C19="","",Segments!L19)
B23: =IF(Segments!C20="","",Segments!B20) | C23: =IF(Segments!C20="","",Segments!C20) | D23: =IF(Segments!C20="","",Segments!J20) | E23: =IF(AND(ISNUMBER(D23),ISNUMBER(D22)),D23-D22,"") | F23: =IF(Segments!C20="","",Segments!L20)
B24: =IF(Segments!C21="","",Segments!B21) | C24: =IF(Segments!C21="","",Segments!C21) | D24: =IF(Segments!C21="","",Segments!J21) | E24: =IF(AND(ISNUMBER(D24),ISNUMBER(D23)),D24-D23,"") | F24: =IF(Segments!C21="","",Segments!L21)
... B29: =IF(Segments!C26="","",Segments!B26) | C29: =IF(Segments!C26="","",Segments!C26) | D29: =IF(Segments!C26="","",Segments!J26) | E29: =IF(AND(ISNUMBER(D29),ISNUMBER(D28)),D29-D28,"") | F29: =IF(Segments!C26="","",Segments!L26)
B30: =IF(Segments!C27="","",Segments!B27) | C30: =IF(Segments!C27="","",Segments!C27) | D30: =IF(Segments!C27="","",Segments!J27) | E30: =IF(AND(ISNUMBER(D30),ISNUMBER(D29)),D30-D29,"") | F30: =IF(Segments!C27="","",Segments!L27) | H30: Read the shape within your project. A higher score is a larger planned total.
B31: =IF(Segments!C28="","",Segments!B28) | C31: =IF(Segments!C28="","",Segments!C28) | D31: =IF(Segments!C28="","",Segments!J28) | E31: =IF(AND(ISNUMBER(D31),ISNUMBER(D30)),D31-D30,"") | F31: =IF(Segments!C28="","",Segments!L28)
B32: =IF(Segments!C29="","",Segments!B29) | C32: =IF(Segments!C29="","",Segments!C29) | D32: =IF(Segments!C29="","",Segments!J29) | E32: =IF(AND(ISNUMBER(D32),ISNUMBER(D31)),D32-D31,"") | F32: =IF(Segments!C29="","",Segments!L29) | H32: Use the workbook
B33: =IF(Segments!C30="","",Segments!B30) | C33: =IF(Segments!C30="","",Segments!C30) | D33: =IF(Segments!C30="","",Segments!J30) | E33: =IF(AND(ISNUMBER(D33),ISNUMBER(D32)),D33-D32,"") | F33: =IF(Segments!C30="","",Segments!L30)
B34: =IF(Segments!C31="","",Segments!B31) | C34: =IF(Segments!C31="","",Segments!C31) | D34: =IF(Segments!C31="","",Segments!J31) | E34: =IF(AND(ISNUMBER(D34),ISNUMBER(D33)),D34-D33,"") | F34: =IF(Segments!C31="","",Segments!L31) | H34: 1 Save a copy before replacing the example.
B35: =IF(Segments!C32="","",Segments!B32) | C35: =IF(Segments!C32="","",Segments!C32) | D35: =IF(Segments!C32="","",Segments!J32) | E35: =IF(AND(ISNUMBER(D35),ISNUMBER(D34)),D35-D34,"") | F35: =IF(Segments!C32="","",Segments!L32) | H35: 2 Name your level segments on Segments.
B36: =IF(Segments!C33="","",Segments!B33) | C36: =IF(Segments!C33="","",Segments!C33) | D36: =IF(Segments!C33="","",Segments!J33) | E36: =IF(AND(ISNUMBER(D36),ISNUMBER(D35)),D36-D35,"") | F36: =IF(Segments!C33="","",Segments!L33) | H36: 3 Set element names, weights and counting units on Elements.
B37: =IF(Segments!C34="","",Segments!B34) | C37: =IF(Segments!C34="","",Segments!C34) | D37: =IF(Segments!C34="","",Segments!J34) | E37: =IF(AND(ISNUMBER(D37),ISNUMBER(D36)),D37-D36,"") | F37: =IF(Segments!C34="","",Segments!L34) | H37: 4 Add each occurrence or group on Level Map.
B38: =IF(Segments!C35="","",Segments!B35) | C38: =IF(Segments!C35="","",Segments!C35) | D38: =IF(Segments!C35="","",Segments!J35) | E38: =IF(AND(ISNUMBER(D38),ISNUMBER(D37)),D38-D37,"") | F38: =IF(Segments!C35="","",Segments!L35) | H38: 5 Review the curve and record your reasons for changes.
B39: =IF(Segments!C36="","",Segments!B36) | C39: =IF(Segments!C36="","",Segments!C36) | D39: =IF(Segments!C36="","",Segments!J36) | E39: =IF(AND(ISNUMBER(D39),ISNUMBER(D38)),D39-D38,"") | F39: =IF(Segments!C36="","",Segments!L36)
B40: =IF(Segments!C37="","",Segments!B37) | C40: =IF(Segments!C37="","",Segments!C37) | D40: =IF(Segments!C37="","",Segments!J37) | E40: =IF(AND(ISNUMBER(D40),ISNUMBER(D39)),D40-D39,"") | F40: =IF(Segments!C37="","",Segments!L37) | H40: Amber = editable inputs Blue = calculated outputs
B41: =IF(Segments!C38="","",Segments!B38) | C41: =IF(Segments!C38="","",Segments!C38) | D41: =IF(Segments!C38="","",Segments!J38) | E41: =IF(AND(ISNUMBER(D41),ISNUMBER(D40)),D41-D40,"") | F41: =IF(Segments!C38="","",Segments!L38) | H41: Purple = challenge Green = support Gray = neutral
H43: Red messages identify incomplete or invalid entries.
H44: Blank unused segments do not have a score.
H45: #N/A on a named segment means its entries need attention.
H47: Capacity: 30 segments, 20 element types and 300 map entries.
H48: Keep named segments together from ID 1 onward.
H50: Read LDMT Game Jam Tutorial for setup and examples.

Sheet Segments
B2: Segments
B4: Name consecutive segments in play order. Leave unused names blank.
B6: Amber inputs describe your plan. Blue totals come from Level Map. Negative support reduces the planned score.
B8: ID | C8: Segment name | D8: Zone optional | E8: Learning phase | F8: Mechanics | G8: Design intent and context | H8: Challenge + | I8: Support − | J8: Planned score | K8: Revision notes | L8: Entry status
B9: 1 | C9: Chamado | D9: Inicio | E9: Introduction | F9: Prontidao conjunta | G9: Titulo e divindade visual; ambos confirmam. | H9: =IF(OR(C9="",L9<>"Ready"),"",SUMIFS('Level Map'!$I$9:$I$308,'Level Map'!$B$9:$B$308,B9,'Level Map'!$H$9:$H$308,">0")) -> 0 | I9: =IF(OR(C9="",L9<>"Ready"),"",SUMIFS('Level Map'!$I$9:$I$308,'Level Map'!$B$9:$B$308,B9,'Level Map'!$H$9:$H$308,"<0")) -> 0 | J9: =IF(C9="","",IF(L9="Ready",H9+I9,NA())) -> 0 | L9: =IF(C9="","",IF(COUNTIF('Level Map'!$B$9:$B$308,B9)=0,"Add map entries",IF(COUNTIFS('Level Map'!$B$9:$B$308,B9,'Level Map'!$J$9:$J$308,"<>Ready")>0,"Fix map entries","Ready"))) -> Ready
B10: 2 | C10: Oficina | D10: 1408 a 1216 | E10: Introduction | F10: Coletar, construir, saltar | G10: Aprender uma peca por bloco; terreno seguro. | H10: =IF(OR(C10="",L10<>"Ready"),"",SUMIFS('Level Map'!$I$9:$I$308,'Level Map'!$B$9:$B$308,B10,'Level Map'!$H$9:$H$308,">0")) -> 1 | I10: =IF(OR(C10="",L10<>"Ready"),"",SUMIFS('Level Map'!$I$9:$I$308,'Level Map'!$B$9:$B$308,B10,'Level Map'!$H$9:$H$308,"<0")) -> -2 | J10: =IF(C10="","",IF(L10="Ready",H10+I10,NA())) -> -1 | L10: =IF(C10="","",IF(COUNTIF('Level Map'!$B$9:$B$308,B10)=0,"Add map entries",IF(COUNTIFS('Level Map'!$B$9:$B$308,B10,'Level Map'!$J$9:$J$308,"<>Ready")>0,"Fix map entries","Ready"))) -> Ready
B11: 3 | C11: Patrulha | D11: 1216 a 1024 | E11: Challenge | F11: Subir e evitar patrulha | G11: Atravesse o encontro movel com recuperacao. | H11: =IF(OR(C11="",L11<>"Ready"),"",SUMIFS('Level Map'!$I$9:$I$308,'Level Map'!$B$9:$B$308,B11,'Level Map'!$H$9:$H$308,">0")) -> 3 | I11: =IF(OR(C11="",L11<>"Ready"),"",SUMIFS('Level Map'!$I$9:$I$308,'Level Map'!$B$9:$B$308,B11,'Level Map'!$H$9:$H$308,"<0")) -> -2 | J11: =IF(C11="","",IF(L11="Ready",H11+I11,NA())) -> 1 | L11: =IF(C11="","",IF(COUNTIF('Level Map'!$B$9:$B$308,B11)=0,"Add map entries",IF(COUNTIFS('Level Map'!$B$9:$B$308,B11,'Level Map'!$J$9:$J$308,"<>Ready")>0,"Fix map entries","Ready"))) -> Ready
B12: 4 | C12: Reconstrucao | D12: 1024 a 640 | E12: Reinforcement | F12: Subida e recuperacao | G12: Duas secoes repetem construcao e uso da torre comum. | H12: =IF(OR(C12="",L12<>"Ready"),"",SUMIFS('Level Map'!$I$9:$I$308,'Level Map'!$B$9:$B$308,B12,'Level Map'!$H$9:$H$308,">0")) -> 2 | I12: =IF(OR(C12="",L12<>"Ready"),"",SUMIFS('Level Map'!$I$9:$I$308,'Level Map'!$B$9:$B$308,B12,'Level Map'!$H$9:$H$308,"<0")) -> -3 | J12: =IF(C12="","",IF(L12="Ready",H12+I12,NA())) -> -1 | L12: =IF(C12="","",IF(COUNTIF('Level Map'!$B$9:$B$308,B12)=0,"Add map entries",IF(COUNTIFS('Level Map'!$B$9:$B$308,B12,'Level Map'!$J$9:$J$308,"<>Ready")>0,"Fix map entries","Ready"))) -> Ready
B13: 5 | C13: Topo | D13: 640 a 448 | E13: Challenge | F13: Chegada dos dois | G13: Objetivo so conclui quando ambos estao no topo. | H13: =IF(OR(C13="",L13<>"Ready"),"",SUMIFS('Level Map'!$I$9:$I$308,'Level Map'!$B$9:$B$308,B13,'Level Map'!$H$9:$H$308,">0")) -> 1 | I13: =IF(OR(C13="",L13<>"Ready"),"",SUMIFS('Level Map'!$I$9:$I$308,'Level Map'!$B$9:$B$308,B13,'Level Map'!$H$9:$H$308,"<0")) -> -2 | J13: =IF(C13="","",IF(L13="Ready",H13+I13,NA())) -> -1 | L13: =IF(C13="","",IF(COUNTIF('Level Map'!$B$9:$B$308,B13)=0,"Add map entries",IF(COUNTIFS('Level Map'!$B$9:$B$308,B13,'Level Map'!$J$9:$J$308,"<>Ready")>0,"Fix map entries","Ready"))) -> Ready
B14: 6 | C14: Mundo real | D14: Final | E14: Reinforcement | F14: Revelacao e reinicio | G14: A torre fica verde; seis avatares observam o jogo num monitor. | H14: =IF(OR(C14="",L14<>"Ready"),"",SUMIFS('Level Map'!$I$9:$I$308,'Level Map'!$B$9:$B$308,B14,'Level Map'!$H$9:$H$308,">0")) -> 0 | I14: =IF(OR(C14="",L14<>"Ready"),"",SUMIFS('Level Map'!$I$9:$I$308,'Level Map'!$B$9:$B$308,B14,'Level Map'!$H$9:$H$308,"<0")) -> 0 | J14: =IF(C14="","",IF(L14="Ready",H14+I14,NA())) -> 0 | L14: =IF(C14="","",IF(COUNTIF('Level Map'!$B$9:$B$308,B14)=0,"Add map entries",IF(COUNTIFS('Level Map'!$B$9:$B$308,B14,'Level Map'!$J$9:$J$308,"<>Ready")>0,"Fix map entries","Ready"))) -> Ready
B15: 7 | H15: =IF(OR(C15="",L15<>"Ready"),"",SUMIFS('Level Map'!$I$9:$I$308,'Level Map'!$B$9:$B$308,B15,'Level Map'!$H$9:$H$308,">0")) | I15: =IF(OR(C15="",L15<>"Ready"),"",SUMIFS('Level Map'!$I$9:$I$308,'Level Map'!$B$9:$B$308,B15,'Level Map'!$H$9:$H$308,"<0")) | J15: =IF(C15="","",IF(L15="Ready",H15+I15,NA())) | L15: =IF(C15="","",IF(COUNTIF('Level Map'!$B$9:$B$308,B15)=0,"Add map entries",IF(COUNTIFS('Level Map'!$B$9:$B$308,B15,'Level Map'!$J$9:$J$308,"<>Ready")>0,"Fix map entries","Ready")))
B16: 8 | H16: =IF(OR(C16="",L16<>"Ready"),"",SUMIFS('Level Map'!$I$9:$I$308,'Level Map'!$B$9:$B$308,B16,'Level Map'!$H$9:$H$308,">0")) | I16: =IF(OR(C16="",L16<>"Ready"),"",SUMIFS('Level Map'!$I$9:$I$308,'Level Map'!$B$9:$B$308,B16,'Level Map'!$H$9:$H$308,"<0")) | J16: =IF(C16="","",IF(L16="Ready",H16+I16,NA())) | L16: =IF(C16="","",IF(COUNTIF('Level Map'!$B$9:$B$308,B16)=0,"Add map entries",IF(COUNTIFS('Level Map'!$B$9:$B$308,B16,'Level Map'!$J$9:$J$308,"<>Ready")>0,"Fix map entries","Ready")))
B17: 9 | H17: =IF(OR(C17="",L17<>"Ready"),"",SUMIFS('Level Map'!$I$9:$I$308,'Level Map'!$B$9:$B$308,B17,'Level Map'!$H$9:$H$308,">0")) | I17: =IF(OR(C17="",L17<>"Ready"),"",SUMIFS('Level Map'!$I$9:$I$308,'Level Map'!$B$9:$B$308,B17,'Level Map'!$H$9:$H$308,"<0")) | J17: =IF(C17="","",IF(L17="Ready",H17+I17,NA())) | L17: =IF(C17="","",IF(COUNTIF('Level Map'!$B$9:$B$308,B17)=0,"Add map entries",IF(COUNTIFS('Level Map'!$B$9:$B$308,B17,'Level Map'!$J$9:$J$308,"<>Ready")>0,"Fix map entries","Ready")))
B18: 10 | H18: =IF(OR(C18="",L18<>"Ready"),"",SUMIFS('Level Map'!$I$9:$I$308,'Level Map'!$B$9:$B$308,B18,'Level Map'!$H$9:$H$308,">0")) | I18: =IF(OR(C18="",L18<>"Ready"),"",SUMIFS('Level Map'!$I$9:$I$308,'Level Map'!$B$9:$B$308,B18,'Level Map'!$H$9:$H$308,"<0")) | J18: =IF(C18="","",IF(L18="Ready",H18+I18,NA())) | L18: =IF(C18="","",IF(COUNTIF('Level Map'!$B$9:$B$308,B18)=0,"Add map entries",IF(COUNTIFS('Level Map'!$B$9:$B$308,B18,'Level Map'!$J$9:$J$308,"<>Ready")>0,"Fix map entries","Ready")))
B19: 11 | H19: =IF(OR(C19="",L19<>"Ready"),"",SUMIFS('Level Map'!$I$9:$I$308,'Level Map'!$B$9:$B$308,B19,'Level Map'!$H$9:$H$308,">0")) | I19: =IF(OR(C19="",L19<>"Ready"),"",SUMIFS('Level Map'!$I$9:$I$308,'Level Map'!$B$9:$B$308,B19,'Level Map'!$H$9:$H$308,"<0")) | J19: =IF(C19="","",IF(L19="Ready",H19+I19,NA())) | L19: =IF(C19="","",IF(COUNTIF('Level Map'!$B$9:$B$308,B19)=0,"Add map entries",IF(COUNTIFS('Level Map'!$B$9:$B$308,B19,'Level Map'!$J$9:$J$308,"<>Ready")>0,"Fix map entries","Ready")))
B20: 12 | H20: =IF(OR(C20="",L20<>"Ready"),"",SUMIFS('Level Map'!$I$9:$I$308,'Level Map'!$B$9:$B$308,B20,'Level Map'!$H$9:$H$308,">0")) | I20: =IF(OR(C20="",L20<>"Ready"),"",SUMIFS('Level Map'!$I$9:$I$308,'Level Map'!$B$9:$B$308,B20,'Level Map'!$H$9:$H$308,"<0")) | J20: =IF(C20="","",IF(L20="Ready",H20+I20,NA())) | L20: =IF(C20="","",IF(COUNTIF('Level Map'!$B$9:$B$308,B20)=0,"Add map entries",IF(COUNTIFS('Level Map'!$B$9:$B$308,B20,'Level Map'!$J$9:$J$308,"<>Ready")>0,"Fix map entries","Ready")))
B21: 13 | H21: =IF(OR(C21="",L21<>"Ready"),"",SUMIFS('Level Map'!$I$9:$I$308,'Level Map'!$B$9:$B$308,B21,'Level Map'!$H$9:$H$308,">0")) | I21: =IF(OR(C21="",L21<>"Ready"),"",SUMIFS('Level Map'!$I$9:$I$308,'Level Map'!$B$9:$B$308,B21,'Level Map'!$H$9:$H$308,"<0")) | J21: =IF(C21="","",IF(L21="Ready",H21+I21,NA())) | L21: =IF(C21="","",IF(COUNTIF('Level Map'!$B$9:$B$308,B21)=0,"Add map entries",IF(COUNTIFS('Level Map'!$B$9:$B$308,B21,'Level Map'!$J$9:$J$308,"<>Ready")>0,"Fix map entries","Ready")))
B22: 14 | H22: =IF(OR(C22="",L22<>"Ready"),"",SUMIFS('Level Map'!$I$9:$I$308,'Level Map'!$B$9:$B$308,B22,'Level Map'!$H$9:$H$308,">0")) | I22: =IF(OR(C22="",L22<>"Ready"),"",SUMIFS('Level Map'!$I$9:$I$308,'Level Map'!$B$9:$B$308,B22,'Level Map'!$H$9:$H$308,"<0")) | J22: =IF(C22="","",IF(L22="Ready",H22+I22,NA())) | L22: =IF(C22="","",IF(COUNTIF('Level Map'!$B$9:$B$308,B22)=0,"Add map entries",IF(COUNTIFS('Level Map'!$B$9:$B$308,B22,'Level Map'!$J$9:$J$308,"<>Ready")>0,"Fix map entries","Ready")))
B23: 15 | H23: =IF(OR(C23="",L23<>"Ready"),"",SUMIFS('Level Map'!$I$9:$I$308,'Level Map'!$B$9:$B$308,B23,'Level Map'!$H$9:$H$308,">0")) | I23: =IF(OR(C23="",L23<>"Ready"),"",SUMIFS('Level Map'!$I$9:$I$308,'Level Map'!$B$9:$B$308,B23,'Level Map'!$H$9:$H$308,"<0")) | J23: =IF(C23="","",IF(L23="Ready",H23+I23,NA())) | L23: =IF(C23="","",IF(COUNTIF('Level Map'!$B$9:$B$308,B23)=0,"Add map entries",IF(COUNTIFS('Level Map'!$B$9:$B$308,B23,'Level Map'!$J$9:$J$308,"<>Ready")>0,"Fix map entries","Ready")))
B24: 16 | H24: =IF(OR(C24="",L24<>"Ready"),"",SUMIFS('Level Map'!$I$9:$I$308,'Level Map'!$B$9:$B$308,B24,'Level Map'!$H$9:$H$308,">0")) | I24: =IF(OR(C24="",L24<>"Ready"),"",SUMIFS('Level Map'!$I$9:$I$308,'Level Map'!$B$9:$B$308,B24,'Level Map'!$H$9:$H$308,"<0")) | J24: =IF(C24="","",IF(L24="Ready",H24+I24,NA())) | L24: =IF(C24="","",IF(COUNTIF('Level Map'!$B$9:$B$308,B24)=0,"Add map entries",IF(COUNTIFS('Level Map'!$B$9:$B$308,B24,'Level Map'!$J$9:$J$308,"<>Ready")>0,"Fix map entries","Ready")))
B25: 17 | H25: =IF(OR(C25="",L25<>"Ready"),"",SUMIFS('Level Map'!$I$9:$I$308,'Level Map'!$B$9:$B$308,B25,'Level Map'!$H$9:$H$308,">0")) | I25: =IF(OR(C25="",L25<>"Ready"),"",SUMIFS('Level Map'!$I$9:$I$308,'Level Map'!$B$9:$B$308,B25,'Level Map'!$H$9:$H$308,"<0")) | J25: =IF(C25="","",IF(L25="Ready",H25+I25,NA())) | L25: =IF(C25="","",IF(COUNTIF('Level Map'!$B$9:$B$308,B25)=0,"Add map entries",IF(COUNTIFS('Level Map'!$B$9:$B$308,B25,'Level Map'!$J$9:$J$308,"<>Ready")>0,"Fix map entries","Ready")))
B26: 18 | H26: =IF(OR(C26="",L26<>"Ready"),"",SUMIFS('Level Map'!$I$9:$I$308,'Level Map'!$B$9:$B$308,B26,'Level Map'!$H$9:$H$308,">0")) | I26: =IF(OR(C26="",L26<>"Ready"),"",SUMIFS('Level Map'!$I$9:$I$308,'Level Map'!$B$9:$B$308,B26,'Level Map'!$H$9:$H$308,"<0")) | J26: =IF(C26="","",IF(L26="Ready",H26+I26,NA())) | L26: =IF(C26="","",IF(COUNTIF('Level Map'!$B$9:$B$308,B26)=0,"Add map entries",IF(COUNTIFS('Level Map'!$B$9:$B$308,B26,'Level Map'!$J$9:$J$308,"<>Ready")>0,"Fix map entries","Ready")))
... B38: 30 | H38: =IF(OR(C38="",L38<>"Ready"),"",SUMIFS('Level Map'!$I$9:$I$308,'Level Map'!$B$9:$B$308,B38,'Level Map'!$H$9:$H$308,">0")) | I38: =IF(OR(C38="",L38<>"Ready"),"",SUMIFS('Level Map'!$I$9:$I$308,'Level Map'!$B$9:$B$308,B38,'Level Map'!$H$9:$H$308,"<0")) | J38: =IF(C38="","",IF(L38="Ready",H38+I38,NA())) | L38: =IF(C38="","",IF(COUNTIF('Level Map'!$B$9:$B$308,B38)=0,"Add map entries",IF(COUNTIFS('Level Map'!$B$9:$B$308,B38,'Level Map'!$J$9:$J$308,"<>Ready")>0,"Fix map entries","Ready")))

Sheet Elements
B2: Elements and weights
B4: Define what one occurrence means. These starting weights are Black Evasion examples.
B6: Keep IDs fixed. Enter your own names and weights. The sign controls the role and its color.
B8: ID | C8: Element name | D8: Weight | E8: Role | F8: Counting unit | G8: Weight rationale | H8: Library status
B9: 1 | C9: Contexto | D9: 0 | E9: =IF(OR(C9="",LEN(D9)=0,NOT(ISNUMBER(D9))),"",IF(D9>0,"Challenge",IF(D9<0,"Support","Neutral"))) -> Neutral | F9: Uma sequencia ou marco visual | G9: Neutro; sem demanda de execucao. | H9: =IF(COUNTA(C9:D9,F9:G9)=0,"",IF(C9="","Name element",IF(LEN(D9)=0,"Enter weight",IF(NOT(ISNUMBER(D9)),"Numeric weight",IF(F9="","Define counting unit","Ready"))))) -> Ready
B10: 2 | C10: Trecho de construcao | D10: 1 | E10: =IF(OR(C10="",LEN(D10)=0,NOT(ISNUMBER(D10))),"",IF(D10>0,"Challenge",IF(D10<0,"Support","Neutral"))) -> Challenge | F10: Um trecho de 192 px, nao cada bloco | G10: Proposta do coordenador: demanda base de planejar e saltar. | H10: =IF(COUNTA(C10:D10,F10:G10)=0,"",IF(C10="","Name element",IF(LEN(D10)=0,"Enter weight",IF(NOT(ISNUMBER(D10)),"Numeric weight",IF(F10="","Define counting unit","Ready"))))) -> Ready
B11: 3 | C11: Patrulha | D11: 2 | E11: =IF(OR(C11="",LEN(D11)=0,NOT(ISNUMBER(D11))),"",IF(D11>0,"Challenge",IF(D11<0,"Support","Neutral"))) -> Challenge | F11: Um encontro com patrulha movel | G11: Proposta: combinar tempo e deslocamento exige mais que o trecho simples. | H11: =IF(COUNTA(C11:D11,F11:G11)=0,"",IF(C11="","Name element",IF(LEN(D11)=0,"Enter weight",IF(NOT(ISNUMBER(D11)),"Numeric weight",IF(F11="","Define counting unit","Ready"))))) -> Ready
B12: 4 | C12: Recuperacao | D12: -1 | E12: =IF(OR(C12="",LEN(D12)=0,NOT(ISNUMBER(D12))),"",IF(D12>0,"Challenge",IF(D12<0,"Support","Neutral"))) -> Support | F12: Uma plataforma de checkpoint | G12: Proposta: limita custo da queda e conserva materiais. | H12: =IF(COUNTA(C12:D12,F12:G12)=0,"",IF(C12="","Name element",IF(LEN(D12)=0,"Enter weight",IF(NOT(ISNUMBER(D12)),"Numeric weight",IF(F12="","Define counting unit","Ready"))))) -> Ready
B13: 5 | C13: Suprimento | D13: -1 | E13: =IF(OR(C13="",LEN(D13)=0,NOT(ISNUMBER(D13))),"",IF(D13>0,"Challenge",IF(D13<0,"Support","Neutral"))) -> Support | F13: Uma regra continua de queda de materiais | G13: Suporte de todo trecho; nao contar gotas ilimitadas. | H13: =IF(COUNTA(C13:D13,F13:G13)=0,"",IF(C13="","Name element",IF(LEN(D13)=0,"Enter weight",IF(NOT(ISNUMBER(D13)),"Numeric weight",IF(F13="","Define counting unit","Ready"))))) -> Ready
B14: 6 | E14: =IF(OR(C14="",LEN(D14)=0,NOT(ISNUMBER(D14))),"",IF(D14>0,"Challenge",IF(D14<0,"Support","Neutral"))) | H14: =IF(COUNTA(C14:D14,F14:G14)=0,"",IF(C14="","Name element",IF(LEN(D14)=0,"Enter weight",IF(NOT(ISNUMBER(D14)),"Numeric weight",IF(F14="","Define counting unit","Ready")))))
B15: 7 | E15: =IF(OR(C15="",LEN(D15)=0,NOT(ISNUMBER(D15))),"",IF(D15>0,"Challenge",IF(D15<0,"Support","Neutral"))) | H15: =IF(COUNTA(C15:D15,F15:G15)=0,"",IF(C15="","Name element",IF(LEN(D15)=0,"Enter weight",IF(NOT(ISNUMBER(D15)),"Numeric weight",IF(F15="","Define counting unit","Ready")))))
B16: 8 | E16: =IF(OR(C16="",LEN(D16)=0,NOT(ISNUMBER(D16))),"",IF(D16>0,"Challenge",IF(D16<0,"Support","Neutral"))) | H16: =IF(COUNTA(C16:D16,F16:G16)=0,"",IF(C16="","Name element",IF(LEN(D16)=0,"Enter weight",IF(NOT(ISNUMBER(D16)),"Numeric weight",IF(F16="","Define counting unit","Ready")))))
B17: 9 | E17: =IF(OR(C17="",LEN(D17)=0,NOT(ISNUMBER(D17))),"",IF(D17>0,"Challenge",IF(D17<0,"Support","Neutral"))) | H17: =IF(COUNTA(C17:D17,F17:G17)=0,"",IF(C17="","Name element",IF(LEN(D17)=0,"Enter weight",IF(NOT(ISNUMBER(D17)),"Numeric weight",IF(F17="","Define counting unit","Ready")))))
B18: 10 | E18: =IF(OR(C18="",LEN(D18)=0,NOT(ISNUMBER(D18))),"",IF(D18>0,"Challenge",IF(D18<0,"Support","Neutral"))) | H18: =IF(COUNTA(C18:D18,F18:G18)=0,"",IF(C18="","Name element",IF(LEN(D18)=0,"Enter weight",IF(NOT(ISNUMBER(D18)),"Numeric weight",IF(F18="","Define counting unit","Ready")))))
B19: 11 | E19: =IF(OR(C19="",LEN(D19)=0,NOT(ISNUMBER(D19))),"",IF(D19>0,"Challenge",IF(D19<0,"Support","Neutral"))) | H19: =IF(COUNTA(C19:D19,F19:G19)=0,"",IF(C19="","Name element",IF(LEN(D19)=0,"Enter weight",IF(NOT(ISNUMBER(D19)),"Numeric weight",IF(F19="","Define counting unit","Ready")))))
B20: 12 | E20: =IF(OR(C20="",LEN(D20)=0,NOT(ISNUMBER(D20))),"",IF(D20>0,"Challenge",IF(D20<0,"Support","Neutral"))) | H20: =IF(COUNTA(C20:D20,F20:G20)=0,"",IF(C20="","Name element",IF(LEN(D20)=0,"Enter weight",IF(NOT(ISNUMBER(D20)),"Numeric weight",IF(F20="","Define counting unit","Ready")))))
B21: 13 | E21: =IF(OR(C21="",LEN(D21)=0,NOT(ISNUMBER(D21))),"",IF(D21>0,"Challenge",IF(D21<0,"Support","Neutral"))) | H21: =IF(COUNTA(C21:D21,F21:G21)=0,"",IF(C21="","Name element",IF(LEN(D21)=0,"Enter weight",IF(NOT(ISNUMBER(D21)),"Numeric weight",IF(F21="","Define counting unit","Ready")))))
B22: 14 | E22: =IF(OR(C22="",LEN(D22)=0,NOT(ISNUMBER(D22))),"",IF(D22>0,"Challenge",IF(D22<0,"Support","Neutral"))) | H22: =IF(COUNTA(C22:D22,F22:G22)=0,"",IF(C22="","Name element",IF(LEN(D22)=0,"Enter weight",IF(NOT(ISNUMBER(D22)),"Numeric weight",IF(F22="","Define counting unit","Ready")))))
B23: 15 | E23: =IF(OR(C23="",LEN(D23)=0,NOT(ISNUMBER(D23))),"",IF(D23>0,"Challenge",IF(D23<0,"Support","Neutral"))) | H23: =IF(COUNTA(C23:D23,F23:G23)=0,"",IF(C23="","Name element",IF(LEN(D23)=0,"Enter weight",IF(NOT(ISNUMBER(D23)),"Numeric weight",IF(F23="","Define counting unit","Ready")))))
B24: 16 | E24: =IF(OR(C24="",LEN(D24)=0,NOT(ISNUMBER(D24))),"",IF(D24>0,"Challenge",IF(D24<0,"Support","Neutral"))) | H24: =IF(COUNTA(C24:D24,F24:G24)=0,"",IF(C24="","Name element",IF(LEN(D24)=0,"Enter weight",IF(NOT(ISNUMBER(D24)),"Numeric weight",IF(F24="","Define counting unit","Ready")))))
B25: 17 | E25: =IF(OR(C25="",LEN(D25)=0,NOT(ISNUMBER(D25))),"",IF(D25>0,"Challenge",IF(D25<0,"Support","Neutral"))) | H25: =IF(COUNTA(C25:D25,F25:G25)=0,"",IF(C25="","Name element",IF(LEN(D25)=0,"Enter weight",IF(NOT(ISNUMBER(D25)),"Numeric weight",IF(F25="","Define counting unit","Ready")))))
... B28: 20 | E28: =IF(OR(C28="",LEN(D28)=0,NOT(ISNUMBER(D28))),"",IF(D28>0,"Challenge",IF(D28<0,"Support","Neutral"))) | H28: =IF(COUNTA(C28:D28,F28:G28)=0,"",IF(C28="","Name element",IF(LEN(D28)=0,"Enter weight",IF(NOT(ISNUMBER(D28)),"Numeric weight",IF(F28="","Define counting unit","Ready")))))
B31: Source and scope
B33: Paper | C33: Rodrigues and Canavarro (2026), The Level Design Mapping Tool, Multimedia 2, 17.
C34: https://doi.org/10.3390/multimedia2040017
C35: Weights: Table 3. Segment inputs and scores: Table 4. Revision examples: Table 5.
B37: Model | C37: Score = sum of weight × quantity. Scores are project-relative and have no 0–10 cap.
C38: The jam workbook adds linked lookups, entry checks and a practical location log.
C39: The original spreadsheet has stale displayed totals. This example follows the paper.
C40: The example uses grouped entries. Exact spatial positions must be added by the team.

Sheet Level Map
B2: Level Map
B4: Record where each element appears. Use one row per occurrence or clearly defined group.
B6: IDs identify a segment and element. Quantity follows the counting unit in Elements; it is not the number of drawn tiles.
B8: Segment ID | C8: Element ID | D8: Quantity | E8: Location or timing | F8: Context or combination notes | G8: Element name | H8: Unit weight | I8: Contribution | J8: Entry status
B9: 1 | C9: 1 | D9: 1 | E9: Titulo/introducao | F9: Prontidao independente dos dois | G9: =IF(LEN(C9)=0,"",IF(COUNTIFS(Elements!$B$9:$B$28,C9,Elements!$C$9:$C$28,"<>")=0,"",INDEX(Elements!$C$9:$C$28,MATCH(C9,Elements!$B$9:$B$28,0)))) -> Contexto | H9: =IF(LEN(C9)=0,"",IF(COUNTIFS(Elements!$B$9:$B$28,C9,Elements!$D$9:$D$28,"<>")=0,"",INDEX(Elements!$D$9:$D$28,MATCH(C9,Elements!$B$9:$B$28,0)))) -> 0 | I9: =IF(J9="Ready",D9*H9,"") -> 0 | J9: =IF(COUNTA(B9:F9)=0,"",IF(LEN(B9)=0,"Choose segment",IF(COUNTIF(Segments!$B$9:$B$38,B9)=0,"Unknown segment",IF(COUNTIFS(Segments!$B$9:$B$38,B9,Segments!$C$9:$C$38,"<>")=0,"Name segment",IF(LEN(C9)=0,"Choose element",IF(G9="","Name or correct element",IF(LEN(H9)=0,"Enter element weight",IF(NOT(ISNUMBER(H9)),"Numeric weight needed",IF(LEN(D9)=0,"Enter quantity",IF(NOT(ISNUMBER(D9)),"Numeric quantity needed",IF(D9<0,"Quantity below zero","Ready"))))))))))) -> Ready
B10: 2 | C10: 2 | D10: 1 | E10: y1408 a y1216 | F10: Construcao da primeira subida | G10: =IF(LEN(C10)=0,"",IF(COUNTIFS(Elements!$B$9:$B$28,C10,Elements!$C$9:$C$28,"<>")=0,"",INDEX(Elements!$C$9:$C$28,MATCH(C10,Elements!$B$9:$B$28,0)))) -> Trecho de construcao | H10: =IF(LEN(C10)=0,"",IF(COUNTIFS(Elements!$B$9:$B$28,C10,Elements!$D$9:$D$28,"<>")=0,"",INDEX(Elements!$D$9:$D$28,MATCH(C10,Elements!$B$9:$B$28,0)))) -> 1 | I10: =IF(J10="Ready",D10*H10,"") -> 1 | J10: =IF(COUNTA(B10:F10)=0,"",IF(LEN(B10)=0,"Choose segment",IF(COUNTIF(Segments!$B$9:$B$38,B10)=0,"Unknown segment",IF(COUNTIFS(Segments!$B$9:$B$38,B10,Segments!$C$9:$C$38,"<>")=0,"Name segment",IF(LEN(C10)=0,"Choose element",IF(G10="","Name or correct element",IF(LEN(H10)=0,"Enter element weight",IF(NOT(ISNUMBER(H10)),"Numeric weight needed",IF(LEN(D10)=0,"Enter quantity",IF(NOT(ISNUMBER(D10)),"Numeric quantity needed",IF(D10<0,"Quantity below zero","Ready"))))))))))) -> Ready
B11: 2 | C11: 4 | D11: 1 | E11: Plataforma y1216 | F11: Recuperacao individual | G11: =IF(LEN(C11)=0,"",IF(COUNTIFS(Elements!$B$9:$B$28,C11,Elements!$C$9:$C$28,"<>")=0,"",INDEX(Elements!$C$9:$C$28,MATCH(C11,Elements!$B$9:$B$28,0)))) -> Recuperacao | H11: =IF(LEN(C11)=0,"",IF(COUNTIFS(Elements!$B$9:$B$28,C11,Elements!$D$9:$D$28,"<>")=0,"",INDEX(Elements!$D$9:$D$28,MATCH(C11,Elements!$B$9:$B$28,0)))) -> -1 | I11: =IF(J11="Ready",D11*H11,"") -> -1 | J11: =IF(COUNTA(B11:F11)=0,"",IF(LEN(B11)=0,"Choose segment",IF(COUNTIF(Segments!$B$9:$B$38,B11)=0,"Unknown segment",IF(COUNTIFS(Segments!$B$9:$B$38,B11,Segments!$C$9:$C$38,"<>")=0,"Name segment",IF(LEN(C11)=0,"Choose element",IF(G11="","Name or correct element",IF(LEN(H11)=0,"Enter element weight",IF(NOT(ISNUMBER(H11)),"Numeric weight needed",IF(LEN(D11)=0,"Enter quantity",IF(NOT(ISNUMBER(D11)),"Numeric quantity needed",IF(D11<0,"Quantity below zero","Ready"))))))))))) -> Ready
B12: 2 | C12: 5 | D12: 1 | E12: Queda junto aos jogadores | F12: Uma regra de suprimento | G12: =IF(LEN(C12)=0,"",IF(COUNTIFS(Elements!$B$9:$B$28,C12,Elements!$C$9:$C$28,"<>")=0,"",INDEX(Elements!$C$9:$C$28,MATCH(C12,Elements!$B$9:$B$28,0)))) -> Suprimento | H12: =IF(LEN(C12)=0,"",IF(COUNTIFS(Elements!$B$9:$B$28,C12,Elements!$D$9:$D$28,"<>")=0,"",INDEX(Elements!$D$9:$D$28,MATCH(C12,Elements!$B$9:$B$28,0)))) -> -1 | I12: =IF(J12="Ready",D12*H12,"") -> -1 | J12: =IF(COUNTA(B12:F12)=0,"",IF(LEN(B12)=0,"Choose segment",IF(COUNTIF(Segments!$B$9:$B$38,B12)=0,"Unknown segment",IF(COUNTIFS(Segments!$B$9:$B$38,B12,Segments!$C$9:$C$38,"<>")=0,"Name segment",IF(LEN(C12)=0,"Choose element",IF(G12="","Name or correct element",IF(LEN(H12)=0,"Enter element weight",IF(NOT(ISNUMBER(H12)),"Numeric weight needed",IF(LEN(D12)=0,"Enter quantity",IF(NOT(ISNUMBER(D12)),"Numeric quantity needed",IF(D12<0,"Quantity below zero","Ready"))))))))))) -> Ready
B13: 3 | C13: 2 | D13: 1 | E13: y1216 a y1024 | F13: Subida | G13: =IF(LEN(C13)=0,"",IF(COUNTIFS(Elements!$B$9:$B$28,C13,Elements!$C$9:$C$28,"<>")=0,"",INDEX(Elements!$C$9:$C$28,MATCH(C13,Elements!$B$9:$B$28,0)))) -> Trecho de construcao | H13: =IF(LEN(C13)=0,"",IF(COUNTIFS(Elements!$B$9:$B$28,C13,Elements!$D$9:$D$28,"<>")=0,"",INDEX(Elements!$D$9:$D$28,MATCH(C13,Elements!$B$9:$B$28,0)))) -> 1 | I13: =IF(J13="Ready",D13*H13,"") -> 1 | J13: =IF(COUNTA(B13:F13)=0,"",IF(LEN(B13)=0,"Choose segment",IF(COUNTIF(Segments!$B$9:$B$38,B13)=0,"Unknown segment",IF(COUNTIFS(Segments!$B$9:$B$38,B13,Segments!$C$9:$C$38,"<>")=0,"Name segment",IF(LEN(C13)=0,"Choose element",IF(G13="","Name or correct element",IF(LEN(H13)=0,"Enter element weight",IF(NOT(ISNUMBER(H13)),"Numeric weight needed",IF(LEN(D13)=0,"Enter quantity",IF(NOT(ISNUMBER(D13)),"Numeric quantity needed",IF(D13<0,"Quantity below zero","Ready"))))))))))) -> Ready
B14: 3 | C14: 3 | D14: 1 | E14: Patrulha y940 | F14: Encontro acima da plataforma | G14: =IF(LEN(C14)=0,"",IF(COUNTIFS(Elements!$B$9:$B$28,C14,Elements!$C$9:$C$28,"<>")=0,"",INDEX(Elements!$C$9:$C$28,MATCH(C14,Elements!$B$9:$B$28,0)))) -> Patrulha | H14: =IF(LEN(C14)=0,"",IF(COUNTIFS(Elements!$B$9:$B$28,C14,Elements!$D$9:$D$28,"<>")=0,"",INDEX(Elements!$D$9:$D$28,MATCH(C14,Elements!$B$9:$B$28,0)))) -> 2 | I14: =IF(J14="Ready",D14*H14,"") -> 2 | J14: =IF(COUNTA(B14:F14)=0,"",IF(LEN(B14)=0,"Choose segment",IF(COUNTIF(Segments!$B$9:$B$38,B14)=0,"Unknown segment",IF(COUNTIFS(Segments!$B$9:$B$38,B14,Segments!$C$9:$C$38,"<>")=0,"Name segment",IF(LEN(C14)=0,"Choose element",IF(G14="","Name or correct element",IF(LEN(H14)=0,"Enter element weight",IF(NOT(ISNUMBER(H14)),"Numeric weight needed",IF(LEN(D14)=0,"Enter quantity",IF(NOT(ISNUMBER(D14)),"Numeric quantity needed",IF(D14<0,"Quantity below zero","Ready"))))))))))) -> Ready
B15: 3 | C15: 4 | D15: 1 | E15: Plataforma y1024 | F15: Recuperacao | G15: =IF(LEN(C15)=0,"",IF(COUNTIFS(Elements!$B$9:$B$28,C15,Elements!$C$9:$C$28,"<>")=0,"",INDEX(Elements!$C$9:$C$28,MATCH(C15,Elements!$B$9:$B$28,0)))) -> Recuperacao | H15: =IF(LEN(C15)=0,"",IF(COUNTIFS(Elements!$B$9:$B$28,C15,Elements!$D$9:$D$28,"<>")=0,"",INDEX(Elements!$D$9:$D$28,MATCH(C15,Elements!$B$9:$B$28,0)))) -> -1 | I15: =IF(J15="Ready",D15*H15,"") -> -1 | J15: =IF(COUNTA(B15:F15)=0,"",IF(LEN(B15)=0,"Choose segment",IF(COUNTIF(Segments!$B$9:$B$38,B15)=0,"Unknown segment",IF(COUNTIFS(Segments!$B$9:$B$38,B15,Segments!$C$9:$C$38,"<>")=0,"Name segment",IF(LEN(C15)=0,"Choose element",IF(G15="","Name or correct element",IF(LEN(H15)=0,"Enter element weight",IF(NOT(ISNUMBER(H15)),"Numeric weight needed",IF(LEN(D15)=0,"Enter quantity",IF(NOT(ISNUMBER(D15)),"Numeric quantity needed",IF(D15<0,"Quantity below zero","Ready"))))))))))) -> Ready
B16: 3 | C16: 5 | D16: 1 | E16: Durante trecho | F16: Suprimento | G16: =IF(LEN(C16)=0,"",IF(COUNTIFS(Elements!$B$9:$B$28,C16,Elements!$C$9:$C$28,"<>")=0,"",INDEX(Elements!$C$9:$C$28,MATCH(C16,Elements!$B$9:$B$28,0)))) -> Suprimento | H16: =IF(LEN(C16)=0,"",IF(COUNTIFS(Elements!$B$9:$B$28,C16,Elements!$D$9:$D$28,"<>")=0,"",INDEX(Elements!$D$9:$D$28,MATCH(C16,Elements!$B$9:$B$28,0)))) -> -1 | I16: =IF(J16="Ready",D16*H16,"") -> -1 | J16: =IF(COUNTA(B16:F16)=0,"",IF(LEN(B16)=0,"Choose segment",IF(COUNTIF(Segments!$B$9:$B$38,B16)=0,"Unknown segment",IF(COUNTIFS(Segments!$B$9:$B$38,B16,Segments!$C$9:$C$38,"<>")=0,"Name segment",IF(LEN(C16)=0,"Choose element",IF(G16="","Name or correct element",IF(LEN(H16)=0,"Enter element weight",IF(NOT(ISNUMBER(H16)),"Numeric weight needed",IF(LEN(D16)=0,"Enter quantity",IF(NOT(ISNUMBER(D16)),"Numeric quantity needed",IF(D16<0,"Quantity below zero","Ready"))))))))))) -> Ready
B17: 4 | C17: 2 | D17: 2 | E17: y1024 a y640 | F17: Dois trechos de 192 | G17: =IF(LEN(C17)=0,"",IF(COUNTIFS(Elements!$B$9:$B$28,C17,Elements!$C$9:$C$28,"<>")=0,"",INDEX(Elements!$C$9:$C$28,MATCH(C17,Elements!$B$9:$B$28,0)))) -> Trecho de construcao | H17: =IF(LEN(C17)=0,"",IF(COUNTIFS(Elements!$B$9:$B$28,C17,Elements!$D$9:$D$28,"<>")=0,"",INDEX(Elements!$D$9:$D$28,MATCH(C17,Elements!$B$9:$B$28,0)))) -> 1 | I17: =IF(J17="Ready",D17*H17,"") -> 2 | J17: =IF(COUNTA(B17:F17)=0,"",IF(LEN(B17)=0,"Choose segment",IF(COUNTIF(Segments!$B$9:$B$38,B17)=0,"Unknown segment",IF(COUNTIFS(Segments!$B$9:$B$38,B17,Segments!$C$9:$C$38,"<>")=0,"Name segment",IF(LEN(C17)=0,"Choose element",IF(G17="","Name or correct element",IF(LEN(H17)=0,"Enter element weight",IF(NOT(ISNUMBER(H17)),"Numeric weight needed",IF(LEN(D17)=0,"Enter quantity",IF(NOT(ISNUMBER(D17)),"Numeric quantity needed",IF(D17<0,"Quantity below zero","Ready"))))))))))) -> Ready
B18: 4 | C18: 4 | D18: 2 | E18: y832 e y640 | F18: Duas plataformas | G18: =IF(LEN(C18)=0,"",IF(COUNTIFS(Elements!$B$9:$B$28,C18,Elements!$C$9:$C$28,"<>")=0,"",INDEX(Elements!$C$9:$C$28,MATCH(C18,Elements!$B$9:$B$28,0)))) -> Recuperacao | H18: =IF(LEN(C18)=0,"",IF(COUNTIFS(Elements!$B$9:$B$28,C18,Elements!$D$9:$D$28,"<>")=0,"",INDEX(Elements!$D$9:$D$28,MATCH(C18,Elements!$B$9:$B$28,0)))) -> -1 | I18: =IF(J18="Ready",D18*H18,"") -> -2 | J18: =IF(COUNTA(B18:F18)=0,"",IF(LEN(B18)=0,"Choose segment",IF(COUNTIF(Segments!$B$9:$B$38,B18)=0,"Unknown segment",IF(COUNTIFS(Segments!$B$9:$B$38,B18,Segments!$C$9:$C$38,"<>")=0,"Name segment",IF(LEN(C18)=0,"Choose element",IF(G18="","Name or correct element",IF(LEN(H18)=0,"Enter element weight",IF(NOT(ISNUMBER(H18)),"Numeric weight needed",IF(LEN(D18)=0,"Enter quantity",IF(NOT(ISNUMBER(D18)),"Numeric quantity needed",IF(D18<0,"Quantity below zero","Ready"))))))))))) -> Ready
B19: 4 | C19: 5 | D19: 1 | E19: Durante trecho | F19: Suprimento | G19: =IF(LEN(C19)=0,"",IF(COUNTIFS(Elements!$B$9:$B$28,C19,Elements!$C$9:$C$28,"<>")=0,"",INDEX(Elements!$C$9:$C$28,MATCH(C19,Elements!$B$9:$B$28,0)))) -> Suprimento | H19: =IF(LEN(C19)=0,"",IF(COUNTIFS(Elements!$B$9:$B$28,C19,Elements!$D$9:$D$28,"<>")=0,"",INDEX(Elements!$D$9:$D$28,MATCH(C19,Elements!$B$9:$B$28,0)))) -> -1 | I19: =IF(J19="Ready",D19*H19,"") -> -1 | J19: =IF(COUNTA(B19:F19)=0,"",IF(LEN(B19)=0,"Choose segment",IF(COUNTIF(Segments!$B$9:$B$38,B19)=0,"Unknown segment",IF(COUNTIFS(Segments!$B$9:$B$38,B19,Segments!$C$9:$C$38,"<>")=0,"Name segment",IF(LEN(C19)=0,"Choose element",IF(G19="","Name or correct element",IF(LEN(H19)=0,"Enter element weight",IF(NOT(ISNUMBER(H19)),"Numeric weight needed",IF(LEN(D19)=0,"Enter quantity",IF(NOT(ISNUMBER(D19)),"Numeric quantity needed",IF(D19<0,"Quantity below zero","Ready"))))))))))) -> Ready
B20: 5 | C20: 2 | D20: 1 | E20: y640 a y448 | F20: Ultima subida | G20: =IF(LEN(C20)=0,"",IF(COUNTIFS(Elements!$B$9:$B$28,C20,Elements!$C$9:$C$28,"<>")=0,"",INDEX(Elements!$C$9:$C$28,MATCH(C20,Elements!$B$9:$B$28,0)))) -> Trecho de construcao | H20: =IF(LEN(C20)=0,"",IF(COUNTIFS(Elements!$B$9:$B$28,C20,Elements!$D$9:$D$28,"<>")=0,"",INDEX(Elements!$D$9:$D$28,MATCH(C20,Elements!$B$9:$B$28,0)))) -> 1 | I20: =IF(J20="Ready",D20*H20,"") -> 1 | J20: =IF(COUNTA(B20:F20)=0,"",IF(LEN(B20)=0,"Choose segment",IF(COUNTIF(Segments!$B$9:$B$38,B20)=0,"Unknown segment",IF(COUNTIFS(Segments!$B$9:$B$38,B20,Segments!$C$9:$C$38,"<>")=0,"Name segment",IF(LEN(C20)=0,"Choose element",IF(G20="","Name or correct element",IF(LEN(H20)=0,"Enter element weight",IF(NOT(ISNUMBER(H20)),"Numeric weight needed",IF(LEN(D20)=0,"Enter quantity",IF(NOT(ISNUMBER(D20)),"Numeric quantity needed",IF(D20<0,"Quantity below zero","Ready"))))))))))) -> Ready
... B23: 6 | C23: 1 | D23: 1 | E23: Sequencia final | F23: Seis avatares abstratos e reinicio | G23: =IF(LEN(C23)=0,"",IF(COUNTIFS(Elements!$B$9:$B$28,C23,Elements!$C$9:$C$28,"<>")=0,"",INDEX(Elements!$C$9:$C$28,MATCH(C23,Elements!$B$9:$B$28,0)))) -> Contexto | H23: =IF(LEN(C23)=0,"",IF(COUNTIFS(Elements!$B$9:$B$28,C23,Elements!$D$9:$D$28,"<>")=0,"",INDEX(Elements!$D$9:$D$28,MATCH(C23,Elements!$B$9:$B$28,0)))) -> 0 | I23: =IF(J23="Ready",D23*H23,"") -> 0 | J23: =IF(COUNTA(B23:F23)=0,"",IF(LEN(B23)=0,"Choose segment",IF(COUNTIF(Segments!$B$9:$B$38,B23)=0,"Unknown segment",IF(COUNTIFS(Segments!$B$9:$B$38,B23,Segments!$C$9:$C$38,"<>")=0,"Name segment",IF(LEN(C23)=0,"Choose element",IF(G23="","Name or correct element",IF(LEN(H23)=0,"Enter element weight",IF(NOT(ISNUMBER(H23)),"Numeric weight needed",IF(LEN(D23)=0,"Enter quantity",IF(NOT(ISNUMBER(D23)),"Numeric quantity needed",IF(D23<0,"Quantity below zero","Ready"))))))))))) -> Ready
G24: =IF(LEN(C24)=0,"",IF(COUNTIFS(Elements!$B$9:$B$28,C24,Elements!$C$9:$C$28,"<>")=0,"",INDEX(Elements!$C$9:$C$28,MATCH(C24,Elements!$B$9:$B$28,0)))) | H24: =IF(LEN(C24)=0,"",IF(COUNTIFS(Elements!$B$9:$B$28,C24,Elements!$D$9:$D$28,"<>")=0,"",INDEX(Elements!$D$9:$D$28,MATCH(C24,Elements!$B$9:$B$28,0)))) | I24: =IF(J24="Ready",D24*H24,"") | J24: =IF(COUNTA(B24:F24)=0,"",IF(LEN(B24)=0,"Choose segment",IF(COUNTIF(Segments!$B$9:$B$38,B24)=0,"Unknown segment",IF(COUNTIFS(Segments!$B$9:$B$38,B24,Segments!$C$9:$C$38,"<>")=0,"Name segment",IF(LEN(C24)=0,"Choose element",IF(G24="","Name or correct element",IF(LEN(H24)=0,"Enter element weight",IF(NOT(ISNUMBER(H24)),"Numeric weight needed",IF(LEN(D24)=0,"Enter quantity",IF(NOT(ISNUMBER(D24)),"Numeric quantity needed",IF(D24<0,"Quantity below zero","Ready")))))))))))
G25: =IF(LEN(C25)=0,"",IF(COUNTIFS(Elements!$B$9:$B$28,C25,Elements!$C$9:$C$28,"<>")=0,"",INDEX(Elements!$C$9:$C$28,MATCH(C25,Elements!$B$9:$B$28,0)))) | H25: =IF(LEN(C25)=0,"",IF(COUNTIFS(Elements!$B$9:$B$28,C25,Elements!$D$9:$D$28,"<>")=0,"",INDEX(Elements!$D$9:$D$28,MATCH(C25,Elements!$B$9:$B$28,0)))) | I25: =IF(J25="Ready",D25*H25,"") | J25: =IF(COUNTA(B25:F25)=0,"",IF(LEN(B25)=0,"Choose segment",IF(COUNTIF(Segments!$B$9:$B$38,B25)=0,"Unknown segment",IF(COUNTIFS(Segments!$B$9:$B$38,B25,Segments!$C$9:$C$38,"<>")=0,"Name segment",IF(LEN(C25)=0,"Choose element",IF(G25="","Name or correct element",IF(LEN(H25)=0,"Enter element weight",IF(NOT(ISNUMBER(H25)),"Numeric weight needed",IF(LEN(D25)=0,"Enter quantity",IF(NOT(ISNUMBER(D25)),"Numeric quantity needed",IF(D25<0,"Quantity below zero","Ready")))))))))))
G26: =IF(LEN(C26)=0,"",IF(COUNTIFS(Elements!$B$9:$B$28,C26,Elements!$C$9:$C$28,"<>")=0,"",INDEX(Elements!$C$9:$C$28,MATCH(C26,Elements!$B$9:$B$28,0)))) | H26: =IF(LEN(C26)=0,"",IF(COUNTIFS(Elements!$B$9:$B$28,C26,Elements!$D$9:$D$28,"<>")=0,"",INDEX(Elements!$D$9:$D$28,MATCH(C26,Elements!$B$9:$B$28,0)))) | I26: =IF(J26="Ready",D26*H26,"") | J26: =IF(COUNTA(B26:F26)=0,"",IF(LEN(B26)=0,"Choose segment",IF(COUNTIF(Segments!$B$9:$B$38,B26)=0,"Unknown segment",IF(COUNTIFS(Segments!$B$9:$B$38,B26,Segments!$C$9:$C$38,"<>")=0,"Name segment",IF(LEN(C26)=0,"Choose element",IF(G26="","Name or correct element",IF(LEN(H26)=0,"Enter element weight",IF(NOT(ISNUMBER(H26)),"Numeric weight needed",IF(LEN(D26)=0,"Enter quantity",IF(NOT(ISNUMBER(D26)),"Numeric quantity needed",IF(D26<0,"Quantity below zero","Ready")))))))))))
G27: =IF(LEN(C27)=0,"",IF(COUNTIFS(Elements!$B$9:$B$28,C27,Elements!$C$9:$C$28,"<>")=0,"",INDEX(Elements!$C$9:$C$28,MATCH(C27,Elements!$B$9:$B$28,0)))) | H27: =IF(LEN(C27)=0,"",IF(COUNTIFS(Elements!$B$9:$B$28,C27,Elements!$D$9:$D$28,"<>")=0,"",INDEX(Elements!$D$9:$D$28,MATCH(C27,Elements!$B$9:$B$28,0)))) | I27: =IF(J27="Ready",D27*H27,"") | J27: =IF(COUNTA(B27:F27)=0,"",IF(LEN(B27)=0,"Choose segment",IF(COUNTIF(Segments!$B$9:$B$38,B27)=0,"Unknown segment",IF(COUNTIFS(Segments!$B$9:$B$38,B27,Segments!$C$9:$C$38,"<>")=0,"Name segment",IF(LEN(C27)=0,"Choose element",IF(G27="","Name or correct element",IF(LEN(H27)=0,"Enter element weight",IF(NOT(ISNUMBER(H27)),"Numeric weight needed",IF(LEN(D27)=0,"Enter quantity",IF(NOT(ISNUMBER(D27)),"Numeric quantity needed",IF(D27<0,"Quantity below zero","Ready")))))))))))
G28: =IF(LEN(C28)=0,"",IF(COUNTIFS(Elements!$B$9:$B$28,C28,Elements!$C$9:$C$28,"<>")=0,"",INDEX(Elements!$C$9:$C$28,MATCH(C28,Elements!$B$9:$B$28,0)))) | H28: =IF(LEN(C28)=0,"",IF(COUNTIFS(Elements!$B$9:$B$28,C28,Elements!$D$9:$D$28,"<>")=0,"",INDEX(Elements!$D$9:$D$28,MATCH(C28,Elements!$B$9:$B$28,0)))) | I28: =IF(J28="Ready",D28*H28,"") | J28: =IF(COUNTA(B28:F28)=0,"",IF(LEN(B28)=0,"Choose segment",IF(COUNTIF(Segments!$B$9:$B$38,B28)=0,"Unknown segment",IF(COUNTIFS(Segments!$B$9:$B$38,B28,Segments!$C$9:$C$38,"<>")=0,"Name segment",IF(LEN(C28)=0,"Choose element",IF(G28="","Name or correct element",IF(LEN(H28)=0,"Enter element weight",IF(NOT(ISNUMBER(H28)),"Numeric weight needed",IF(LEN(D28)=0,"Enter quantity",IF(NOT(ISNUMBER(D28)),"Numeric quantity needed",IF(D28<0,"Quantity below zero","Ready")))))))))))
G29: =IF(LEN(C29)=0,"",IF(COUNTIFS(Elements!$B$9:$B$28,C29,Elements!$C$9:$C$28,"<>")=0,"",INDEX(Elements!$C$9:$C$28,MATCH(C29,Elements!$B$9:$B$28,0)))) | H29: =IF(LEN(C29)=0,"",IF(COUNTIFS(Elements!$B$9:$B$28,C29,Elements!$D$9:$D$28,"<>")=0,"",INDEX(Elements!$D$9:$D$28,MATCH(C29,Elements!$B$9:$B$28,0)))) | I29: =IF(J29="Ready",D29*H29,"") | J29: =IF(COUNTA(B29:F29)=0,"",IF(LEN(B29)=0,"Choose segment",IF(COUNTIF(Segments!$B$9:$B$38,B29)=0,"Unknown segment",IF(COUNTIFS(Segments!$B$9:$B$38,B29,Segments!$C$9:$C$38,"<>")=0,"Name segment",IF(LEN(C29)=0,"Choose element",IF(G29="","Name or correct element",IF(LEN(H29)=0,"Enter element weight",IF(NOT(ISNUMBER(H29)),"Numeric weight needed",IF(LEN(D29)=0,"Enter quantity",IF(NOT(ISNUMBER(D29)),"Numeric quantity needed",IF(D29<0,"Quantity below zero","Ready")))))))))))
G30: =IF(LEN(C30)=0,"",IF(COUNTIFS(Elements!$B$9:$B$28,C30,Elements!$C$9:$C$28,"<>")=0,"",INDEX(Elements!$C$9:$C$28,MATCH(C30,Elements!$B$9:$B$28,0)))) | H30: =IF(LEN(C30)=0,"",IF(COUNTIFS(Elements!$B$9:$B$28,C30,Elements!$D$9:$D$28,"<>")=0,"",INDEX(Elements!$D$9:$D$28,MATCH(C30,Elements!$B$9:$B$28,0)))) | I30: =IF(J30="Ready",D30*H30,"") | J30: =IF(COUNTA(B30:F30)=0,"",IF(LEN(B30)=0,"Choose segment",IF(COUNTIF(Segments!$B$9:$B$38,B30)=0,"Unknown segment",IF(COUNTIFS(Segments!$B$9:$B$38,B30,Segments!$C$9:$C$38,"<>")=0,"Name segment",IF(LEN(C30)=0,"Choose element",IF(G30="","Name or correct element",IF(LEN(H30)=0,"Enter element weight",IF(NOT(ISNUMBER(H30)),"Numeric weight needed",IF(LEN(D30)=0,"Enter quantity",IF(NOT(ISNUMBER(D30)),"Numeric quantity needed",IF(D30<0,"Quantity below zero","Ready")))))))))))
G31: =IF(LEN(C31)=0,"",IF(COUNTIFS(Elements!$B$9:$B$28,C31,Elements!$C$9:$C$28,"<>")=0,"",INDEX(Elements!$C$9:$C$28,MATCH(C31,Elements!$B$9:$B$28,0)))) | H31: =IF(LEN(C31)=0,"",IF(COUNTIFS(Elements!$B$9:$B$28,C31,Elements!$D$9:$D$28,"<>")=0,"",INDEX(Elements!$D$9:$D$28,MATCH(C31,Elements!$B$9:$B$28,0)))) | I31: =IF(J31="Ready",D31*H31,"") | J31: =IF(COUNTA(B31:F31)=0,"",IF(LEN(B31)=0,"Choose segment",IF(COUNTIF(Segments!$B$9:$B$38,B31)=0,"Unknown segment",IF(COUNTIFS(Segments!$B$9:$B$38,B31,Segments!$C$9:$C$38,"<>")=0,"Name segment",IF(LEN(C31)=0,"Choose element",IF(G31="","Name or correct element",IF(LEN(H31)=0,"Enter element weight",IF(NOT(ISNUMBER(H31)),"Numeric weight needed",IF(LEN(D31)=0,"Enter quantity",IF(NOT(ISNUMBER(D31)),"Numeric quantity needed",IF(D31<0,"Quantity below zero","Ready")))))))))))
G32: =IF(LEN(C32)=0,"",IF(COUNTIFS(Elements!$B$9:$B$28,C32,Elements!$C$9:$C$28,"<>")=0,"",INDEX(Elements!$C$9:$C$28,MATCH(C32,Elements!$B$9:$B$28,0)))) | H32: =IF(LEN(C32)=0,"",IF(COUNTIFS(Elements!$B$9:$B$28,C32,Elements!$D$9:$D$28,"<>")=0,"",INDEX(Elements!$D$9:$D$28,MATCH(C32,Elements!$B$9:$B$28,0)))) | I32: =IF(J32="Ready",D32*H32,"") | J32: =IF(COUNTA(B32:F32)=0,"",IF(LEN(B32)=0,"Choose segment",IF(COUNTIF(Segments!$B$9:$B$38,B32)=0,"Unknown segment",IF(COUNTIFS(Segments!$B$9:$B$38,B32,Segments!$C$9:$C$38,"<>")=0,"Name segment",IF(LEN(C32)=0,"Choose element",IF(G32="","Name or correct element",IF(LEN(H32)=0,"Enter element weight",IF(NOT(ISNUMBER(H32)),"Numeric weight needed",IF(LEN(D32)=0,"Enter quantity",IF(NOT(ISNUMBER(D32)),"Numeric quantity needed",IF(D32<0,"Quantity below zero","Ready")))))))))))
G33: =IF(LEN(C33)=0,"",IF(COUNTIFS(Elements!$B$9:$B$28,C33,Elements!$C$9:$C$28,"<>")=0,"",INDEX(Elements!$C$9:$C$28,MATCH(C33,Elements!$B$9:$B$28,0)))) | H33: =IF(LEN(C33)=0,"",IF(COUNTIFS(Elements!$B$9:$B$28,C33,Elements!$D$9:$D$28,"<>")=0,"",INDEX(Elements!$D$9:$D$28,MATCH(C33,Elements!$B$9:$B$28,0)))) | I33: =IF(J33="Ready",D33*H33,"") | J33: =IF(COUNTA(B33:F33)=0,"",IF(LEN(B33)=0,"Choose segment",IF(COUNTIF(Segments!$B$9:$B$38,B33)=0,"Unknown segment",IF(COUNTIFS(Segments!$B$9:$B$38,B33,Segments!$C$9:$C$38,"<>")=0,"Name segment",IF(LEN(C33)=0,"Choose element",IF(G33="","Name or correct element",IF(LEN(H33)=0,"Enter element weight",IF(NOT(ISNUMBER(H33)),"Numeric weight needed",IF(LEN(D33)=0,"Enter quantity",IF(NOT(ISNUMBER(D33)),"Numeric quantity needed",IF(D33<0,"Quantity below zero","Ready")))))))))))
G34: =IF(LEN(C34)=0,"",IF(COUNTIFS(Elements!$B$9:$B$28,C34,Elements!$C$9:$C$28,"<>")=0,"",INDEX(Elements!$C$9:$C$28,MATCH(C34,Elements!$B$9:$B$28,0)))) | H34: =IF(LEN(C34)=0,"",IF(COUNTIFS(Elements!$B$9:$B$28,C34,Elements!$D$9:$D$28,"<>")=0,"",INDEX(Elements!$D$9:$D$28,MATCH(C34,Elements!$B$9:$B$28,0)))) | I34: =IF(J34="Ready",D34*H34,"") | J34: =IF(COUNTA(B34:F34)=0,"",IF(LEN(B34)=0,"Choose segment",IF(COUNTIF(Segments!$B$9:$B$38,B34)=0,"Unknown segment",IF(COUNTIFS(Segments!$B$9:$B$38,B34,Segments!$C$9:$C$38,"<>")=0,"Name segment",IF(LEN(C34)=0,"Choose element",IF(G34="","Name or correct element",IF(LEN(H34)=0,"Enter element weight",IF(NOT(ISNUMBER(H34)),"Numeric weight needed",IF(LEN(D34)=0,"Enter quantity",IF(NOT(ISNUMBER(D34)),"Numeric quantity needed",IF(D34<0,"Quantity below zero","Ready")))))))))))
G35: =IF(LEN(C35)=0,"",IF(COUNTIFS(Elements!$B$9:$B$28,C35,Elements!$C$9:$C$28,"<>")=0,"",INDEX(Elements!$C$9:$C$28,MATCH(C35,Elements!$B$9:$B$28,0)))) | H35: =IF(LEN(C35)=0,"",IF(COUNTIFS(Elements!$B$9:$B$28,C35,Elements!$D$9:$D$28,"<>")=0,"",INDEX(Elements!$D$9:$D$28,MATCH(C35,Elements!$B$9:$B$28,0)))) | I35: =IF(J35="Ready",D35*H35,"") | J35: =IF(COUNTA(B35:F35)=0,"",IF(LEN(B35)=0,"Choose segment",IF(COUNTIF(Segments!$B$9:$B$38,B35)=0,"Unknown segment",IF(COUNTIFS(Segments!$B$9:$B$38,B35,Segments!$C$9:$C$38,"<>")=0,"Name segment",IF(LEN(C35)=0,"Choose element",IF(G35="","Name or correct element",IF(LEN(H35)=0,"Enter element weight",IF(NOT(ISNUMBER(H35)),"Numeric weight needed",IF(LEN(D35)=0,"Enter quantity",IF(NOT(ISNUMBER(D35)),"Numeric quantity needed",IF(D35<0,"Quantity below zero","Ready")))))))))))
... G308: =IF(LEN(C308)=0,"",IF(COUNTIFS(Elements!$B$9:$B$28,C308,Elements!$C$9:$C$28,"<>")=0,"",INDEX(Elements!$C$9:$C$28,MATCH(C308,Elements!$B$9:$B$28,0)))) | H308: =IF(LEN(C308)=0,"",IF(COUNTIFS(Elements!$B$9:$B$28,C308,Elements!$D$9:$D$28,"<>")=0,"",INDEX(Elements!$D$9:$D$28,MATCH(C308,Elements!$B$9:$B$28,0)))) | I308: =IF(J308="Ready",D308*H308,"") | J308: =IF(COUNTA(B308:F308)=0,"",IF(LEN(B308)=0,"Choose segment",IF(COUNTIF(Segments!$B$9:$B$38,B308)=0,"Unknown segment",IF(COUNTIFS(Segments!$B$9:$B$38,B308,Segments!$C$9:$C$38,"<>")=0,"Name segment",IF(LEN(C308)=0,"Choose element",IF(G308="","Name or correct element",IF(LEN(H308)=0,"Enter element weight",IF(NOT(ISNUMBER(H308)),"Numeric weight needed",IF(LEN(D308)=0,"Enter quantity",IF(NOT(ISNUMBER(D308)),"Numeric quantity needed",IF(D308<0,"Quantity below zero","Ready")))))))))))
